model,cv_roc_auc
rf,0.891891592810371
xgb,0.8905401172726475
linearsvc,0.8681645335065105
logreg,0.8664748883592601
