model,roc_auc,precision,recall,f1
rf,0.891891592810371,0.7835455322739276,0.5052547641892391,0.6143279796044174
xgb,0.8905401172726475,0.762453555069893,0.5348372868846409,0.6286624857124774
