{
  "accuracy": 0.8470410351981434,
  "precision": 0.687257259108563,
  "recall": 0.5829019607843138,
  "f1": 0.6307927346800204,
  "roc_auc": 0.8761049673676579
}