{
  "accuracy": 0.8672245859559056,
  "precision": 0.751402592377636,
  "recall": 0.6092549019607844,
  "f1": 0.6729036729036729,
  "roc_auc": 0.9049826778427107
}